Metric,Baseline,Focal Loss,Difference
AUCROC,0.9104,0.9154352190001692,0.005035219000169233
PR-AUC,0.55,0.5762226417395091,0.026222641739509056
